ticker,category
A,S&P 500
AA,S&P MidCap 400
AAL,S&P MidCap 400
AAON,S&P MidCap 400
AAPL,S&P 500
ABBV,S&P 500
ABNB,S&P 500
ABT,S&P 500
ACGL,S&P 500
ACI,S&P MidCap 400
ACM,S&P MidCap 400
ACN,S&P 500
ADBE,S&P 500
ADC,S&P MidCap 400
ADI,S&P 500
ADM,S&P 500
ADP,S&P 500
ADSK,S&P 500
AEE,S&P 500
AEIS,S&P MidCap 400
AEP,S&P 500
AES,S&P 500
AFG,S&P MidCap 400
AFL,S&P 500
AGCO,S&P MidCap 400
AGG,ETF
AHR,S&P MidCap 400
AIG,S&P 500
AIT,S&P MidCap 400
AIZ,S&P 500
AJG,S&P 500
AKAM,S&P 500
ALB,S&P 500
ALGM,S&P MidCap 400
ALGN,S&P 500
ALK,S&P MidCap 400
ALL,S&P 500
ALLE,S&P 500
ALLY,S&P MidCap 400
ALV,S&P MidCap 400
AM,S&P MidCap 400
AMAT,S&P 500
AMCR,S&P 500
AMD,S&P 500
AME,S&P 500
AMG,S&P MidCap 400
AMGN,S&P 500
AMH,S&P MidCap 400
AMKR,S&P MidCap 400
AMP,S&P 500
AMT,S&P 500
AMZN,S&P 500
AN,S&P MidCap 400
ANET,S&P 500
ANF,S&P MidCap 400
AON,S&P 500
AOS,S&P 500
APA,S&P 500
APD,S&P 500
APG,S&P MidCap 400
APH,S&P 500
APO,S&P 500
APP,S&P 500
APPF,S&P MidCap 400
APTV,S&P 500
AR,S&P MidCap 400
ARE,S&P 500
ARES,S&P 500
ARMK,S&P MidCap 400
ARW,S&P MidCap 400
ARWR,S&P MidCap 400
ASB,S&P MidCap 400
ASH,S&P MidCap 400
ASHR,ETF
ATI,S&P MidCap 400
ATO,S&P 500
ATR,S&P MidCap 400
AVAV,S&P MidCap 400
AVB,S&P 500
AVGO,S&P 500
AVNT,S&P MidCap 400
AVT,S&P MidCap 400
AVTR,S&P MidCap 400
AVY,S&P 500
AWK,S&P 500
AXON,S&P 500
AXP,S&P 500
AXTA,S&P MidCap 400
AYI,S&P MidCap 400
AZO,S&P 500
BA,S&P 500
BAC,S&P 500
BAH,S&P MidCap 400
BALL,S&P 500
BAX,S&P 500
BBWI,S&P MidCap 400
BBY,S&P 500
BC,S&P MidCap 400
BCO,S&P MidCap 400
BDC,S&P MidCap 400
BDX,S&P 500
BEN,S&P 500
BF-B,S&P 500
BG,S&P 500
BHF,S&P MidCap 400
BIIB,S&P 500
BIL,ETF
BILL,S&P MidCap 400
BIO,S&P MidCap 400
BJ,S&P MidCap 400
BKH,S&P MidCap 400
BKLN,ETF
BKNG,S&P 500
BKR,S&P 500
BLD,S&P MidCap 400
BLDR,S&P 500
BLK,S&P 500
BLKB,S&P MidCap 400
BMRN,S&P MidCap 400
BMY,S&P 500
BND,ETF
BNY,S&P 500
BR,S&P 500
BRBR,S&P MidCap 400
BRK-B,S&P 500
BRKR,S&P MidCap 400
BRO,S&P 500
BROS,S&P MidCap 400
BRX,S&P MidCap 400
BSX,S&P 500
BSY,S&P MidCap 400
BURL,S&P MidCap 400
BWA,S&P MidCap 400
BWXT,S&P MidCap 400
BX,S&P 500
BXP,S&P 500
BYD,S&P MidCap 400
C,S&P 500
CACI,S&P MidCap 400
CAG,S&P 500
CAH,S&P 500
CAR,S&P MidCap 400
CARR,S&P 500
CART,S&P MidCap 400
CASY,S&P 500
CAT,S&P 500
CAVA,S&P MidCap 400
CB,S&P 500
CBOE,S&P 500
CBRE,S&P 500
CBSH,S&P MidCap 400
CBT,S&P MidCap 400
CCI,S&P 500
CCK,S&P MidCap 400
CCL,S&P 500
CDNS,S&P 500
CDP,S&P MidCap 400
CDW,S&P 500
CEG,S&P 500
CELH,S&P MidCap 400
CF,S&P 500
CFG,S&P 500
CFR,S&P MidCap 400
CG,S&P MidCap 400
CGNX,S&P MidCap 400
CHD,S&P 500
CHDN,S&P MidCap 400
CHE,S&P MidCap 400
CHH,S&P MidCap 400
CHRD,S&P MidCap 400
CHRW,S&P 500
CHTR,S&P 500
CHWY,S&P MidCap 400
CI,S&P 500
CIEN,S&P 500
CINF,S&P 500
CL,S&P 500
CLF,S&P MidCap 400
CLH,S&P MidCap 400
CLX,S&P 500
CMC,S&P MidCap 400
CMCSA,S&P 500
CME,S&P 500
CMG,S&P 500
CMI,S&P 500
CMS,S&P 500
CNC,S&P 500
CNH,S&P MidCap 400
CNM,S&P MidCap 400
CNO,S&P MidCap 400
CNP,S&P 500
CNX,S&P MidCap 400
CNXC,S&P MidCap 400
COF,S&P 500
COHR,S&P 500
COIN,S&P 500
COKE,S&P MidCap 400
COLB,S&P MidCap 400
COLM,S&P MidCap 400
COO,S&P 500
COP,S&P 500
COR,S&P 500
COST,S&P 500
COTY,S&P MidCap 400
CPAY,S&P 500
CPB,S&P 500
CPRI,S&P MidCap 400
CPRT,S&P 500
CPT,S&P 500
CR,S&P MidCap 400
CRBG,S&P MidCap 400
CRH,S&P 500
CRL,S&P 500
CRM,S&P 500
CROX,S&P MidCap 400
CRS,S&P MidCap 400
CRUS,S&P MidCap 400
CRWD,S&P 500
CSCO,S&P 500
CSGP,S&P 500
CSL,S&P MidCap 400
CSX,S&P 500
CTAS,S&P 500
CTRE,S&P MidCap 400
CTSH,S&P 500
CTVA,S&P 500
CUBE,S&P MidCap 400
CUZ,S&P MidCap 400
CVLT,S&P MidCap 400
CVNA,S&P 500
CVS,S&P 500
CVX,S&P 500
CW,S&P MidCap 400
CXT,S&P MidCap 400
CYTK,S&P MidCap 400
D,S&P 500
DAL,S&P 500
DAR,S&P MidCap 400
DASH,S&P 500
DBX,S&P MidCap 400
DCI,S&P MidCap 400
DD,S&P 500
DDOG,S&P 500
DE,S&P 500
DECK,S&P 500
DELL,S&P 500
DG,S&P 500
DGX,S&P 500
DHI,S&P 500
DHR,S&P 500
DIA,ETF
DINO,S&P MidCap 400
DIS,S&P 500
DKS,S&P MidCap 400
DLB,S&P MidCap 400
DLR,S&P 500
DLTR,S&P 500
DOC,S&P 500
DOCN,S&P MidCap 400
DOCS,S&P MidCap 400
DOCU,S&P MidCap 400
DOV,S&P 500
DOW,S&P 500
DPZ,S&P 500
DRI,S&P 500
DT,S&P MidCap 400
DTE,S&P 500
DTM,S&P MidCap 400
DUK,S&P 500
DUOL,S&P MidCap 400
DVA,S&P 500
DVN,S&P 500
DXCM,S&P 500
DY,S&P MidCap 400
EA,S&P 500
EBAY,S&P 500
ECL,S&P 500
ED,S&P 500
EEFT,S&P MidCap 400
EEM,ETF
EFA,ETF
EFX,S&P 500
EG,S&P 500
EGP,S&P MidCap 400
EHC,S&P MidCap 400
EIX,S&P 500
EL,S&P 500
ELAN,S&P MidCap 400
ELF,S&P MidCap 400
ELS,S&P MidCap 400
ELV,S&P 500
EMB,ETF
EME,S&P 500
EMR,S&P 500
ENS,S&P MidCap 400
ENSG,S&P MidCap 400
ENTG,S&P MidCap 400
EOG,S&P 500
EPR,S&P MidCap 400
EQH,S&P MidCap 400
EQIX,S&P 500
EQR,S&P 500
EQT,S&P 500
ERIE,S&P 500
ES,S&P 500
ESAB,S&P MidCap 400
ESNT,S&P MidCap 400
ESS,S&P 500
ETH,ETF
ETN,S&P 500
ETR,S&P 500
EVR,S&P MidCap 400
EVRG,S&P 500
EW,S&P 500
EWBC,S&P MidCap 400
EWJ,ETF
EWZ,ETF
EXC,S&P 500
EXE,S&P 500
EXEL,S&P MidCap 400
EXLS,S&P MidCap 400
EXP,S&P MidCap 400
EXPD,S&P 500
EXPE,S&P 500
EXPO,S&P MidCap 400
EXR,S&P 500
EZU,ETF
F,S&P 500
FAF,S&P MidCap 400
FANG,S&P 500
FAST,S&P 500
FBIN,S&P MidCap 400
FCFS,S&P MidCap 400
FCN,S&P MidCap 400
FCX,S&P 500
FDS,S&P 500
FDX,S&P 500
FDXF,S&P 500
FE,S&P 500
FFIN,S&P MidCap 400
FFIV,S&P 500
FHI,S&P MidCap 400
FHN,S&P MidCap 400
FICO,S&P 500
FIS,S&P 500
FISV,S&P 500
FITB,S&P 500
FIVE,S&P MidCap 400
FIX,S&P 500
FLEX,S&P MidCap 400
FLG,S&P MidCap 400
FLR,S&P MidCap 400
FLS,S&P MidCap 400
FN,S&P MidCap 400
FNB,S&P MidCap 400
FND,S&P MidCap 400
FNF,S&P MidCap 400
FOUR,S&P MidCap 400
FOX,S&P 500
FOXA,S&P 500
FR,S&P MidCap 400
FRT,S&P 500
FSLR,S&P 500
FTI,S&P MidCap 400
FTNT,S&P 500
FTV,S&P 500
FXI,ETF
G,S&P MidCap 400
GAP,S&P MidCap 400
GATX,S&P MidCap 400
GBCI,S&P MidCap 400
GD,S&P 500
GDDY,S&P 500
GDX,ETF
GDXJ,ETF
GE,S&P 500
GEF,S&P MidCap 400
GEHC,S&P 500
GEN,S&P 500
GEV,S&P 500
GGG,S&P MidCap 400
GHC,S&P MidCap 400
GILD,S&P 500
GIS,S&P 500
GL,S&P 500
GLD,ETF
GLPI,S&P MidCap 400
GLW,S&P 500
GM,S&P 500
GME,S&P MidCap 400
GMED,S&P MidCap 400
GNRC,S&P 500
GNTX,S&P MidCap 400
GOOG,S&P 500
GOOGL,S&P 500
GOVT,ETF
GPC,S&P 500
GPK,S&P MidCap 400
GPN,S&P 500
GRMN,S&P 500
GS,S&P 500
GT,S&P MidCap 400
GTLS,S&P MidCap 400
GWRE,S&P MidCap 400
GWW,S&P 500
GXO,S&P MidCap 400
H,S&P MidCap 400
HAE,S&P MidCap 400
HAL,S&P 500
HALO,S&P MidCap 400
HAS,S&P 500
HBAN,S&P 500
HCA,S&P 500
HD,S&P 500
HGV,S&P MidCap 400
HIG,S&P 500
HII,S&P 500
HIMS,S&P MidCap 400
HL,S&P MidCap 400
HLI,S&P MidCap 400
HLNE,S&P MidCap 400
HLT,S&P 500
HOG,S&P MidCap 400
HOMB,S&P MidCap 400
HON,S&P 500
HOOD,S&P 500
HPE,S&P 500
HPQ,S&P 500
HQY,S&P MidCap 400
HR,S&P MidCap 400
HRB,S&P MidCap 400
HRL,S&P 500
HSIC,S&P 500
HST,S&P 500
HSY,S&P 500
HUBB,S&P 500
HUM,S&P 500
HWC,S&P MidCap 400
HWM,S&P 500
HXL,S&P MidCap 400
HYG,ETF
IBB,ETF
IBIT,ETF
IBKR,S&P 500
IBM,S&P 500
IBOC,S&P MidCap 400
ICE,S&P 500
IDA,S&P MidCap 400
IDCC,S&P MidCap 400
IDXX,S&P 500
IEF,ETF
IEMG,ETF
IEX,S&P 500
IFF,S&P 500
IGV,ETF
IJH,ETF
IJR,ETF
ILMN,S&P MidCap 400
INCY,S&P 500
INDA,ETF
INGR,S&P MidCap 400
INTC,S&P 500
INTU,S&P 500
INVH,S&P 500
IP,S&P 500
IPGP,S&P MidCap 400
IQV,S&P 500
IR,S&P 500
IRM,S&P 500
IRT,S&P MidCap 400
ISRG,S&P 500
IT,S&P 500
ITT,S&P MidCap 400
ITW,S&P 500
IUSB,ETF
IVZ,S&P 500
IWB,ETF
IWD,ETF
IWF,ETF
IWM,ETF
J,S&P 500
JAVA,ETF
JAZZ,S&P MidCap 400
JBHT,S&P 500
JBL,S&P 500
JCI,S&P 500
JEF,S&P MidCap 400
JGLO,ETF
JHG,S&P MidCap 400
JKHY,S&P 500
JLL,S&P MidCap 400
JNJ,S&P 500
JPM,S&P 500
JPST,ETF
KBH,S&P MidCap 400
KBR,S&P MidCap 400
KD,S&P MidCap 400
KDP,S&P 500
KEX,S&P MidCap 400
KEY,S&P 500
KEYS,S&P 500
KHC,S&P 500
KIM,S&P 500
KKR,S&P 500
KLAC,S&P 500
KMB,S&P 500
KMI,S&P 500
KNF,S&P MidCap 400
KNSL,S&P MidCap 400
KNX,S&P MidCap 400
KO,S&P 500
KR,S&P 500
KRC,S&P MidCap 400
KRE,ETF
KRG,S&P MidCap 400
KTOS,S&P MidCap 400
KVUE,S&P 500
KWEB,ETF
L,S&P 500
LAD,S&P MidCap 400
LAMR,S&P MidCap 400
LDOS,S&P 500
LEA,S&P MidCap 400
LECO,S&P MidCap 400
LEN,S&P 500
LFUS,S&P MidCap 400
LH,S&P 500
LHX,S&P 500
LII,S&P 500
LIN,S&P 500
LITE,S&P 500
LIVN,S&P MidCap 400
LLY,S&P 500
LMT,S&P 500
LNT,S&P 500
LNTH,S&P MidCap 400
LOPE,S&P MidCap 400
LOW,S&P 500
LPX,S&P MidCap 400
LQD,ETF
LRCX,S&P 500
LSCC,S&P MidCap 400
LSTR,S&P MidCap 400
LULU,S&P 500
LUV,S&P 500
LVS,S&P 500
LYB,S&P 500
LYV,S&P 500
M,S&P MidCap 400
MA,S&P 500
MAA,S&P 500
MANH,S&P MidCap 400
MAR,S&P 500
MAS,S&P 500
MASI,S&P MidCap 400
MAT,S&P MidCap 400
MCD,S&P 500
MCHP,S&P 500
MCK,S&P 500
MCO,S&P 500
MDLZ,S&P 500
MDT,S&P 500
MDY,ETF
MEDP,S&P MidCap 400
MET,S&P 500
META,S&P 500
MGK,ETF
MGM,S&P 500
MGV,ETF
MIDD,S&P MidCap 400
MKC,S&P 500
MKSI,S&P MidCap 400
MLI,S&P MidCap 400
MLM,S&P 500
MMM,S&P 500
MMS,S&P MidCap 400
MNST,S&P 500
MO,S&P 500
MOG-A,S&P MidCap 400
MORN,S&P MidCap 400
MOS,S&P 500
MP,S&P MidCap 400
MPC,S&P 500
MPWR,S&P 500
MRK,S&P 500
MRNA,S&P 500
MRSH,S&P 500
MS,S&P 500
MSA,S&P MidCap 400
MSCI,S&P 500
MSFT,S&P 500
MSI,S&P 500
MSM,S&P MidCap 400
MSOS,ETF
MTB,S&P 500
MTD,S&P 500
MTDR,S&P MidCap 400
MTG,S&P MidCap 400
MTN,S&P MidCap 400
MTSI,S&P MidCap 400
MTZ,S&P MidCap 400
MU,S&P 500
MUB,ETF
MUR,S&P MidCap 400
MUSA,S&P MidCap 400
MZTI,S&P MidCap 400
NBIX,S&P MidCap 400
NCLH,S&P 500
NDAQ,S&P 500
NDSN,S&P 500
NEE,S&P 500
NEM,S&P 500
NEU,S&P MidCap 400
NFG,S&P MidCap 400
NFLX,S&P 500
NI,S&P 500
NJR,S&P MidCap 400
NKE,S&P 500
NLY,S&P MidCap 400
NNN,S&P MidCap 400
NOC,S&P 500
NOV,S&P MidCap 400
NOVT,S&P MidCap 400
NOW,S&P 500
NRG,S&P 500
NSA,S&P MidCap 400
NSC,S&P 500
NTAP,S&P 500
NTNX,S&P MidCap 400
NTRS,S&P 500
NUE,S&P 500
NVDA,S&P 500
NVR,S&P 500
NVST,S&P MidCap 400
NVT,S&P MidCap 400
NWE,S&P MidCap 400
NWS,S&P 500
NWSA,S&P 500
NXPI,S&P 500
NXST,S&P MidCap 400
NXT,S&P MidCap 400
NYT,S&P MidCap 400
O,S&P 500
OC,S&P MidCap 400
ODFL,S&P 500
OGE,S&P MidCap 400
OGS,S&P MidCap 400
OHI,S&P MidCap 400
OKE,S&P 500
OKTA,S&P MidCap 400
OLED,S&P MidCap 400
OLLI,S&P MidCap 400
OLN,S&P MidCap 400
OMC,S&P 500
ON,S&P 500
ONB,S&P MidCap 400
ONTO,S&P MidCap 400
OPCH,S&P MidCap 400
ORA,S&P MidCap 400
ORCL,S&P 500
ORI,S&P MidCap 400
ORLY,S&P 500
OSK,S&P MidCap 400
OTIS,S&P 500
OVV,S&P MidCap 400
OXY,S&P 500
OZK,S&P MidCap 400
P,S&P MidCap 400
PAG,S&P MidCap 400
PANW,S&P 500
PATH,S&P MidCap 400
PAYX,S&P 500
PB,S&P MidCap 400
PBF,S&P MidCap 400
PCAR,S&P 500
PCG,S&P 500
PCTY,S&P MidCap 400
PEG,S&P 500
PEGA,S&P MidCap 400
PEN,S&P MidCap 400
PEP,S&P 500
PFE,S&P 500
PFG,S&P 500
PFGC,S&P MidCap 400
PG,S&P 500
PGR,S&P 500
PH,S&P 500
PHM,S&P 500
PII,S&P MidCap 400
PINS,S&P MidCap 400
PK,S&P MidCap 400
PKG,S&P 500
PLD,S&P 500
PLNT,S&P MidCap 400
PLTR,S&P 500
PM,S&P 500
PNC,S&P 500
PNFP,S&P MidCap 400
PNR,S&P 500
PNW,S&P 500
PODD,S&P 500
POOL,S&P 500
POR,S&P MidCap 400
POST,S&P MidCap 400
PPC,S&P MidCap 400
PPG,S&P 500
PPL,S&P 500
PR,S&P MidCap 400
PRI,S&P MidCap 400
PRU,S&P 500
PSA,S&P 500
PSKY,S&P 500
PSN,S&P MidCap 400
PSX,S&P 500
PTC,S&P 500
PVH,S&P MidCap 400
PWR,S&P 500
PYPL,S&P 500
Q,S&P 500
QCOM,S&P 500
QLYS,S&P MidCap 400
QQQ,ETF
R,S&P MidCap 400
RBA,S&P MidCap 400
RBC,S&P MidCap 400
RCL,S&P 500
REG,S&P 500
REGN,S&P 500
REXR,S&P MidCap 400
RF,S&P 500
RGA,S&P MidCap 400
RGEN,S&P MidCap 400
RGLD,S&P MidCap 400
RH,S&P MidCap 400
RJF,S&P 500
RL,S&P 500
RLI,S&P MidCap 400
RMBS,S&P MidCap 400
RMD,S&P 500
RNR,S&P MidCap 400
ROIV,S&P MidCap 400
ROK,S&P 500
ROL,S&P 500
ROP,S&P 500
ROST,S&P 500
RPM,S&P MidCap 400
RRC,S&P MidCap 400
RRX,S&P MidCap 400
RS,S&P MidCap 400
RSG,S&P 500
RSP,ETF
RTX,S&P 500
RVTY,S&P 500
RYAN,S&P MidCap 400
RYN,S&P MidCap 400
SAIA,S&P MidCap 400
SAIC,S&P MidCap 400
SAM,S&P MidCap 400
SARO,S&P MidCap 400
SATS,S&P 500
SBAC,S&P 500
SBRA,S&P MidCap 400
SBUX,S&P 500
SCHD,ETF
SCHF,ETF
SCHG,ETF
SCHH,ETF
SCHW,S&P 500
SCHX,ETF
SCI,S&P MidCap 400
SEIC,S&P MidCap 400
SF,S&P MidCap 400
SFM,S&P MidCap 400
SGI,S&P MidCap 400
SGOV,ETF
SHC,S&P MidCap 400
SHV,ETF
SHW,S&P 500
SIGI,S&P MidCap 400
SITM,S&P MidCap 400
SJM,S&P 500
SLAB,S&P MidCap 400
SLB,S&P 500
SLGN,S&P MidCap 400
SLM,S&P MidCap 400
SLV,ETF
SMCI,S&P 500
SMG,S&P MidCap 400
SMH,ETF
SN,S&P MidCap 400
SNA,S&P 500
SNDK,S&P 500
SNPS,S&P 500
SNX,S&P MidCap 400
SO,S&P 500
SOLS,S&P MidCap 400
SOLV,S&P 500
SON,S&P MidCap 400
SOXX,ETF
SPG,S&P 500
SPGI,S&P 500
SPHY,ETF
SPTL,ETF
SPXC,S&P MidCap 400
SR,S&P MidCap 400
SRE,S&P 500
SRLN,ETF
SSB,S&P MidCap 400
SSD,S&P MidCap 400
ST,S&P MidCap 400
STAG,S&P MidCap 400
STE,S&P 500
STLD,S&P 500
STRL,S&P MidCap 400
STT,S&P 500
STWD,S&P MidCap 400
STX,S&P 500
STZ,S&P 500
SW,S&P 500
SWK,S&P 500
SWKS,S&P 500
SWX,S&P MidCap 400
SYF,S&P 500
SYK,S&P 500
SYNA,S&P MidCap 400
SYY,S&P 500
T,S&P 500
TAP,S&P 500
TCBI,S&P MidCap 400
TDG,S&P 500
TDY,S&P 500
TECH,S&P 500
TEL,S&P 500
TER,S&P 500
TEX,S&P MidCap 400
TFC,S&P 500
TGT,S&P 500
THC,S&P MidCap 400
THG,S&P MidCap 400
THO,S&P MidCap 400
TJX,S&P 500
TKO,S&P 500
TKR,S&P MidCap 400
TLN,S&P MidCap 400
TLT,ETF
TMHC,S&P MidCap 400
TMO,S&P 500
TMUS,S&P 500
TNL,S&P MidCap 400
TOL,S&P MidCap 400
TPL,S&P 500
TPR,S&P 500
TREX,S&P MidCap 400
TRGP,S&P 500
TRMB,S&P 500
TROW,S&P 500
TRU,S&P MidCap 400
TRV,S&P 500
TSCO,S&P 500
TSLA,S&P 500
TSN,S&P 500
TT,S&P 500
TTC,S&P MidCap 400
TTD,S&P 500
TTEK,S&P MidCap 400
TTMI,S&P MidCap 400
TTWO,S&P 500
TWLO,S&P MidCap 400
TXN,S&P 500
TXNM,S&P MidCap 400
TXRH,S&P MidCap 400
TXT,S&P 500
TYL,S&P 500
UAL,S&P 500
UBER,S&P 500
UBSI,S&P MidCap 400
UDR,S&P 500
UFPI,S&P MidCap 400
UGI,S&P MidCap 400
UHS,S&P 500
ULS,S&P MidCap 400
ULTA,S&P 500
UMBF,S&P MidCap 400
UNG,ETF
UNH,S&P 500
UNM,S&P MidCap 400
UNP,S&P 500
UPS,S&P 500
URI,S&P 500
USB,S&P 500
USFD,S&P MidCap 400
USHY,ETF
UTHR,S&P MidCap 400
V,S&P 500
VAL,S&P MidCap 400
VB,ETF
VC,S&P MidCap 400
VCIT,ETF
VCLT,ETF
VEA,ETF
VEEV,S&P 500
VFC,S&P MidCap 400
VICI,S&P 500
VICR,S&P MidCap 400
VIG,ETF
VLO,S&P 500
VLTO,S&P 500
VLY,S&P MidCap 400
VMC,S&P 500
VMI,S&P MidCap 400
VNO,S&P MidCap 400
VNOM,S&P MidCap 400
VNQ,ETF
VNT,S&P MidCap 400
VOYA,S&P MidCap 400
VRSK,S&P 500
VRSN,S&P 500
VRT,S&P 500
VRTX,S&P 500
VST,S&P 500
VTR,S&P 500
VTRS,S&P 500
VTV,ETF
VUG,ETF
VVV,S&P MidCap 400
VWO,ETF
VXX,ETF
VZ,S&P 500
WAB,S&P 500
WAL,S&P MidCap 400
WAT,S&P 500
WBD,S&P 500
WBS,S&P MidCap 400
WCC,S&P MidCap 400
WDAY,S&P 500
WDC,S&P 500
WEC,S&P 500
WELL,S&P 500
WEX,S&P MidCap 400
WFC,S&P 500
WFRD,S&P MidCap 400
WH,S&P MidCap 400
WHR,S&P MidCap 400
WING,S&P MidCap 400
WLK,S&P MidCap 400
WM,S&P 500
WMB,S&P 500
WMG,S&P MidCap 400
WMS,S&P MidCap 400
WMT,S&P 500
WPC,S&P MidCap 400
WRB,S&P 500
WSM,S&P 500
WSO,S&P MidCap 400
WST,S&P 500
WTFC,S&P MidCap 400
WTRG,S&P MidCap 400
WTS,S&P MidCap 400
WTW,S&P 500
WWD,S&P MidCap 400
WY,S&P 500
WYNN,S&P 500
XBI,ETF
XEL,S&P 500
XLC,ETF
XLE,ETF
XLF,ETF
XLI,ETF
XLK,ETF
XLP,ETF
XLU,ETF
XLV,ETF
XLY,ETF
XOM,S&P 500
XOP,ETF
XPO,S&P MidCap 400
XRAY,S&P MidCap 400
XRT,ETF
XYL,S&P 500
XYZ,S&P 500
YETI,S&P MidCap 400
YUM,S&P 500
ZBH,S&P 500
ZBRA,S&P 500
ZION,S&P MidCap 400
ZTS,S&P 500
